{
  "query_1": {
    "wf_ms": 759.02,
    "cte_ms": 1068.88,
    "index_speedup": 1.28
  },
  "query_2": {
    "wf_ms": 1262.18,
    "cte_ms": 4044.27,
    "index_speedup": 0.92
  },
  "query_3": {
    "wf_ms": 4375.16,
    "cte_ms": 2081.18,
    "index_speedup": 0.96
  },
  "query_4": {
    "wf_ms": 506.57,
    "cte_ms": 266.11,
    "index_speedup": 1.68
  },
  "query_5": {
    "wf_ms": 1711.54,
    "cte_ms": 2083.7,
    "index_speedup": 0.96
  },
  "pgbench_results": {
    "wf_tps": 8.724469,
    "cte_tps": 8.716366,
    "q1_wf_tps": 8.724469,
    "q1_cte_tps": 8.716366,
    "q2_wf_tps": 4.101635,
    "q2_cte_tps": 1.377372
  }
}